{
  "val_auroc": 0.91198,
  "val_f1": 0.51741,
  "val_accuracy": 0.50168
}